enrollee_id,job_change_probability,predicted_class
25129,74.49,1
24162,74.49,1
16673,73.7,1
22527,73.54,1
7266,73.23,1
28121,72.56,1
181,71.93,1
33343,71.81,1
28267,71.81,1
21465,71.81,1
22999,71.81,1
26180,71.64,1
21968,70.74,1
12142,69.73,1
20570,69.47,1
12462,69.22,1
20035,68.96,1
26446,68.09,1
21423,68.02,1
31672,67.54,1
27216,67.4,1
28886,67.4,1
5601,67.17,1
9208,67.06,1
12189,66.87,1
14574,66.63,1
17300,66.55,1
6615,66.23,1
4450,66.07,1
2510,66.03,1
5058,65.99,1
26993,65.99,1
11502,65.94,1
30221,65.75,1
29832,65.57,1
18271,65.57,1
30759,65.39,1
31758,65.38,1
7626,65.13,1
4377,65.13,1
32898,65.12,1
7953,65.12,1
32727,65.06,1
18519,65.0,1
24155,64.95,1
4586,64.93,1
5391,64.93,1
24230,64.84,1
8897,64.82,1
24018,64.8,1
33277,64.72,1
25614,64.7,1
20612,64.66,1
19437,64.6,1
24293,64.54,1
14456,64.54,1
32066,64.49,1
19504,64.44,1
462,64.38,1
18517,64.27,1
26805,64.22,1
15367,64.22,1
17165,64.21,1
14428,64.09,1
30365,64.07,1
8991,63.96,1
12361,63.89,1
10478,63.88,1
842,63.87,1
32795,63.84,1
4504,63.84,1
15660,63.79,1
27239,63.61,1
25051,63.6,1
30109,63.56,1
10469,63.56,1
9707,63.56,1
27338,63.53,1
24026,63.48,1
20536,63.47,1
23986,63.43,1
9462,63.39,1
8392,63.37,1
10446,63.35,1
27297,63.02,1
9752,62.96,1
30849,62.9,1
20308,62.64,1
22698,62.63,1
7733,62.63,1
17779,62.54,1
20723,62.54,1
22510,62.52,1
14512,62.5,1
19550,62.49,1
22520,62.49,1
20622,62.41,1
23670,62.41,1
5967,62.34,1
18344,62.32,1
19413,62.3,1
4398,62.27,1
29575,62.27,1
27769,62.06,1
26722,62.06,1
1928,62.06,1
17221,62.06,1
9487,62.06,1
28390,62.05,1
13373,62.01,1
29629,62.01,1
5898,61.97,1
24234,61.95,1
31481,61.91,1
25914,61.91,1
11613,61.84,1
29326,61.72,1
7439,61.72,1
17549,61.71,1
31756,61.67,1
8990,61.65,1
29033,61.64,1
7679,61.64,1
14035,61.64,1
16287,61.64,1
27067,61.64,1
10260,61.63,1
2790,61.59,1
25408,61.45,1
18411,61.45,1
25155,61.45,1
8488,61.42,1
7788,61.41,1
28972,61.4,1
21335,61.4,1
24941,61.34,1
21381,60.96,1
17450,60.94,1
23674,60.87,1
5171,60.86,1
31133,60.81,1
13949,60.75,1
29977,60.75,1
14669,60.72,1
30756,60.7,1
2122,60.68,1
24317,60.64,1
9544,60.62,1
23319,60.58,1
25101,60.57,1
14240,60.52,1
18378,60.52,1
26325,60.47,1
21308,60.37,1
2421,60.36,1
21462,60.36,1
29830,60.3,1
22556,60.3,1
32233,60.28,1
9051,60.22,1
30621,60.21,1
22450,60.2,1
32649,60.17,1
3432,60.16,1
26694,60.15,1
20841,60.0,1
14601,59.97,1
28252,59.96,1
33064,59.95,1
22468,59.95,1
23663,59.92,1
11640,59.92,1
18816,59.87,1
2718,59.86,1
14883,59.82,1
8112,59.82,1
7012,59.82,1
20380,59.74,1
16458,59.68,1
23735,59.67,1
15293,59.66,1
24158,59.65,1
12709,59.52,1
18426,59.52,1
21604,59.43,1
6721,59.39,1
32075,59.39,1
25054,59.39,1
18133,59.2,1
25113,59.15,1
10455,59.09,1
6837,59.0,1
21166,58.81,1
22464,58.81,1
29010,58.77,1
23344,58.74,1
20475,58.72,1
26032,58.71,1
18463,58.71,1
14516,58.67,1
26621,58.67,1
25977,58.54,1
3672,58.54,1
7645,58.49,1
14069,58.44,1
37,58.44,1
1838,58.39,1
17211,58.36,1
12312,58.34,1
13292,58.32,1
15663,58.28,1
15359,58.27,1
16944,58.26,1
15973,58.26,1
25308,58.2,1
28833,58.17,1
13464,57.99,1
20635,57.97,1
18565,57.88,1
22625,57.88,1
22462,57.88,1
2752,57.83,1
12505,57.75,1
30295,57.68,1
18383,57.68,1
31232,57.68,1
5962,57.67,1
8184,57.67,1
14568,57.65,1
23338,57.63,1
32516,57.63,1
27420,57.62,1
2183,57.62,1
29276,57.6,1
31951,57.6,1
13314,57.6,1
24238,57.58,1
26888,57.55,1
12459,57.5,1
4804,57.49,1
14538,57.47,1
6509,57.46,1
17189,57.46,1
5243,57.46,1
32607,57.46,1
32808,57.39,1
13462,57.39,1
19719,57.39,1
27008,57.38,1
5980,57.37,1
31236,57.37,1
5479,57.35,1
3068,57.35,1
17188,57.35,1
24081,57.34,1
12558,57.29,1
14586,57.29,1
9134,57.29,1
18356,57.29,1
3407,57.27,1
23883,57.25,1
21353,57.16,1
32273,57.15,1
22430,57.15,1
27002,57.14,1
16084,57.14,1
12488,57.11,1
7926,57.1,1
1361,57.08,1
2280,57.05,1
16336,57.04,1
12453,57.04,1
4222,56.97,1
24978,56.94,1
20691,56.9,1
22697,56.84,1
30770,56.84,1
22477,56.82,1
16251,56.81,1
5255,56.79,1
31230,56.76,1
21514,56.74,1
8708,56.69,1
5368,56.65,1
6515,56.65,1
6831,56.61,1
6433,56.6,1
32910,56.51,1
19385,56.47,1
32487,56.47,1
6504,56.43,1
6720,56.41,1
8239,56.38,1
40,56.37,1
5258,56.37,1
22591,56.36,1
31708,56.34,1
32636,56.33,1
32409,56.27,1
5720,56.26,1
2269,56.26,1
6778,56.19,1
24261,56.19,1
17129,56.11,1
16355,56.05,1
20456,56.05,1
2677,56.04,1
18340,56.02,1
9055,56.0,1
6642,55.96,1
19648,55.91,1
16255,55.9,1
20361,55.82,1
32646,55.76,1
17950,55.73,1
22808,55.72,1
22407,55.68,1
16462,55.59,1
10493,55.59,1
1382,55.57,1
18209,55.53,1
33290,55.39,1
16595,55.39,1
24057,55.38,1
30120,55.38,1
22700,55.37,1
1441,55.32,1
18752,55.3,1
23948,55.29,1
4417,55.29,1
15165,55.28,1
11169,55.22,1
31079,55.22,1
19403,55.2,1
33308,55.11,1
6527,55.11,1
22775,55.11,1
12846,55.05,1
21613,55.05,1
33148,55.0,1
30867,54.98,1
28061,54.98,1
14477,54.98,1
17900,54.98,1
10928,54.97,1
21490,54.94,1
7865,54.94,1
25160,54.93,1
19567,54.92,1
22457,54.91,1
31272,54.91,1
6742,54.89,1
20459,54.88,1
12645,54.88,1
31818,54.88,1
16212,54.88,1
25202,54.87,1
13833,54.85,1
18719,54.85,1
27298,54.85,1
31995,54.81,1
11460,54.75,1
24585,54.72,1
29242,54.71,1
9195,54.71,1
18384,54.71,1
16079,54.7,1
25585,54.7,1
17426,54.7,1
4370,54.66,1
31451,54.54,1
26178,54.53,1
13832,54.47,1
32278,54.43,1
10523,54.41,1
22708,54.37,1
16560,54.36,1
15305,54.3,1
14585,54.29,1
20419,54.28,1
18369,54.28,1
28695,54.25,1
18492,54.13,1
22057,54.11,1
9005,54.1,1
12096,54.07,1
20165,54.02,1
24914,54.01,1
8216,53.99,1
6827,53.92,1
12695,53.81,1
28764,53.8,1
7773,53.79,1
7689,53.79,1
24908,53.76,1
16317,53.71,1
15380,53.69,1
14438,53.63,1
6816,53.63,1
10579,53.62,1
21032,53.59,1
19654,53.59,1
14785,53.58,1
22118,53.44,1
7759,53.44,1
1172,53.41,1
8485,53.32,1
27764,53.29,1
4386,53.26,1
13157,53.25,1
13009,53.09,1
24331,53.05,1
30245,53.03,1
15164,53.03,1
31669,52.93,1
10618,52.83,1
15384,52.83,1
1985,52.83,1
11945,52.83,1
16107,52.78,1
25833,52.67,1
21339,52.67,1
30316,52.64,1
4838,52.51,1
24800,52.45,1
9163,52.43,1
9726,52.43,1
17336,52.38,1
7987,52.24,1
12570,52.2,1
19725,52.2,1
12064,52.11,1
23465,52.1,1
6768,52.01,1
3722,52.01,1
5101,51.96,1
31606,51.95,1
3374,51.86,1
24022,51.84,1
4742,51.81,1
22392,51.62,1
33033,51.56,1
1456,51.48,1
5138,51.45,1
25623,51.4,1
12919,51.37,1
15049,51.23,1
14026,51.21,1
167,51.19,1
16540,51.09,1
2358,50.99,1
8911,50.92,1
30428,50.92,1
26235,50.92,1
27302,50.92,1
9047,50.92,1
15242,50.92,1
9618,50.92,1
12996,50.92,1
3697,50.91,1
9275,50.91,1
14832,50.86,1
13621,50.86,1
6829,50.85,1
27117,50.82,1
26950,50.82,1
13477,50.73,1
6209,50.65,1
23894,50.58,1
17919,50.58,1
5280,50.57,1
366,50.54,1
20907,50.53,1
2606,50.49,1
13230,50.47,1
1433,50.47,1
7683,50.47,1
29031,50.35,1
22271,50.21,1
26670,50.18,1
22975,50.18,1
31402,50.18,1
19459,50.18,1
28007,50.17,1
27952,50.14,1
27337,50.09,1
8141,50.01,1
15640,49.99,0
17836,49.98,0
2444,49.97,0
32099,49.97,0
9852,49.97,0
28494,49.97,0
11440,49.97,0
17793,49.96,0
32540,49.94,0
10810,49.94,0
28370,49.91,0
18665,49.91,0
16050,49.91,0
16782,49.91,0
26801,49.91,0
25492,49.91,0
6312,49.91,0
30512,49.91,0
3413,49.73,0
4674,49.64,0
27245,49.63,0
13274,49.6,0
7132,49.58,0
29710,49.54,0
14369,49.53,0
19501,49.35,0
15865,49.3,0
13204,49.26,0
25603,49.16,0
18171,49.16,0
22264,49.16,0
30670,49.16,0
4810,49.15,0
32105,48.92,0
14870,48.91,0
25097,48.42,0
21049,48.41,0
18581,48.29,0
17504,48.25,0
20917,48.19,0
19146,48.18,0
16180,48.18,0
8942,48.08,0
11188,48.08,0
6167,48.08,0
11386,48.07,0
19942,48.06,0
656,47.79,0
16917,47.76,0
17254,47.75,0
31557,47.75,0
4273,47.7,0
10856,47.7,0
25802,47.7,0
20103,47.7,0
13211,47.7,0
22042,47.7,0
31337,47.7,0
31733,47.7,0
1319,47.5,0
20910,47.5,0
11654,47.46,0
22974,47.4,0
32000,47.4,0
27308,47.2,0
14019,47.2,0
501,47.13,0
14070,46.91,0
22359,46.91,0
28619,46.91,0
18316,46.87,0
25999,46.73,0
11886,46.46,0
31806,46.45,0
4863,46.32,0
31228,46.25,0
9205,46.05,0
31852,46.05,0
16286,46.04,0
14158,45.97,0
14182,45.91,0
5236,45.91,0
21657,45.91,0
5050,45.91,0
2594,45.89,0
28132,45.75,0
13124,45.75,0
6332,45.42,0
6356,45.42,0
10246,45.42,0
1179,45.31,0
18544,45.25,0
8375,45.19,0
30745,45.04,0
7564,44.8,0
23255,44.71,0
6413,44.57,0
15307,44.36,0
24156,44.13,0
14329,44.04,0
23379,43.98,0
14205,43.78,0
15635,43.61,0
5381,43.46,0
20786,43.41,0
9302,43.41,0
31466,43.4,0
8413,43.37,0
11796,43.35,0
32019,43.29,0
3408,43.23,0
30736,43.12,0
30020,43.12,0
23606,43.08,0
20577,42.75,0
1995,42.62,0
10847,42.57,0
26769,42.47,0
9753,42.47,0
3991,42.46,0
16129,42.46,0
7258,42.4,0
24202,42.32,0
23403,42.19,0
24378,42.16,0
2326,41.97,0
2529,41.91,0
11901,41.7,0
23275,41.7,0
22786,41.67,0
28842,41.66,0
24993,41.56,0
10279,41.25,0
7315,41.01,0
32635,40.97,0
15593,40.78,0
3395,40.64,0
13726,40.58,0
14500,40.48,0
5111,40.43,0
1227,40.39,0
27143,40.39,0
25699,40.32,0
11927,40.3,0
29833,40.26,0
30957,40.13,0
11849,39.84,0
23562,39.77,0
7789,39.72,0
29383,39.67,0
11201,39.54,0
621,39.33,0
12163,38.27,0
21052,38.26,0
29624,38.13,0
27991,38.05,0
11404,38.02,0
31802,37.41,0
17440,37.31,0
25714,37.27,0
10587,37.21,0
20948,37.19,0
10655,37.02,0
32629,36.86,0
8752,36.74,0
32057,36.45,0
28936,36.42,0
7863,36.4,0
217,35.82,0
24507,35.47,0
21887,35.19,0
21230,34.84,0
16828,34.49,0
25882,33.85,0
2784,33.66,0
23880,33.39,0
21383,33.39,0
9556,33.27,0
1663,33.22,0
6191,33.1,0
9562,33.07,0
30486,32.91,0
30367,32.58,0
17267,32.56,0
17952,32.56,0
17307,32.45,0
15534,32.18,0
22497,32.13,0
18706,32.0,0
22835,31.46,0
11682,31.42,0
28333,31.27,0
8799,31.27,0
25136,31.13,0
23628,31.09,0
8735,31.03,0
11063,31.0,0
27439,30.99,0
28383,30.9,0
28035,30.53,0
26927,30.45,0
17953,30.32,0
18575,30.3,0
25140,30.24,0
28645,30.13,0
2915,30.06,0
17924,30.0,0
7314,30.0,0
4791,29.99,0
32495,29.92,0
2530,29.88,0
7156,29.15,0
19028,29.1,0
10682,28.92,0
5412,28.46,0
11458,28.41,0
25867,28.38,0
13782,28.23,0
4334,28.15,0
11845,27.87,0
27909,27.77,0
795,27.68,0
18100,27.63,0
31017,27.47,0
33316,27.46,0
25415,27.45,0
12391,27.15,0
17389,27.14,0
29886,27.09,0
5882,27.06,0
26581,26.97,0
1680,26.91,0
18013,26.7,0
32908,26.6,0
16931,26.37,0
27458,26.19,0
20333,26.18,0
7792,26.18,0
18805,26.17,0
14353,26.09,0
17269,25.92,0
13419,25.79,0
19794,25.66,0
30470,25.58,0
22480,25.47,0
31234,25.24,0
12994,25.2,0
13819,25.12,0
3699,24.98,0
12406,24.94,0
13100,24.79,0
18260,24.79,0
8744,24.77,0
20872,24.73,0
12308,24.61,0
17481,24.59,0
12951,24.52,0
32212,24.38,0
2610,24.33,0
20768,24.28,0
10952,24.14,0
10167,24.13,0
11413,24.01,0
1622,24.0,0
32404,23.99,0
8513,23.98,0
12874,23.89,0
13605,23.86,0
2715,23.8,0
10803,23.79,0
15977,23.74,0
18781,23.72,0
8905,23.64,0
19883,23.58,0
2889,23.57,0
5189,23.51,0
29243,23.44,0
8066,23.28,0
21188,23.24,0
6969,23.14,0
14053,23.1,0
16168,22.98,0
2415,22.95,0
1850,22.92,0
10308,22.92,0
5056,22.8,0
27376,22.59,0
18101,22.56,0
9105,22.45,0
16490,22.41,0
6017,22.4,0
31361,22.34,0
20767,22.34,0
29475,22.3,0
5489,22.26,0
19261,22.24,0
2894,22.2,0
1588,22.2,0
14159,22.18,0
4842,22.08,0
13000,22.02,0
21962,22.02,0
25038,22.02,0
4832,22.01,0
17386,21.94,0
32156,21.78,0
26601,21.74,0
9837,21.74,0
20640,21.74,0
15587,21.74,0
18607,21.74,0
16230,21.64,0
17072,21.64,0
12735,21.61,0
23739,21.52,0
18513,21.49,0
18698,21.49,0
29018,21.49,0
5040,21.45,0
26138,21.35,0
22652,21.31,0
16138,21.31,0
19468,21.28,0
31870,21.2,0
28808,21.1,0
5485,21.07,0
25411,21.04,0
21071,20.94,0
20707,20.89,0
20169,20.8,0
6402,20.8,0
17720,20.77,0
33291,20.77,0
21788,20.77,0
30607,20.77,0
2892,20.75,0
30836,20.74,0
5823,20.71,0
25612,20.7,0
32085,20.68,0
10311,20.67,0
13051,20.64,0
17502,20.62,0
485,20.59,0
31123,20.59,0
17224,20.59,0
8509,20.56,0
7347,20.54,0
21500,20.52,0
370,20.45,0
22045,20.45,0
19256,20.45,0
14638,20.39,0
1670,20.36,0
16184,20.31,0
29230,20.25,0
12617,20.21,0
23867,20.21,0
21936,20.2,0
33134,20.19,0
12115,20.06,0
14398,20.05,0
11800,20.02,0
22881,19.97,0
20068,19.96,0
18529,19.8,0
13467,19.8,0
22140,19.78,0
12472,19.78,0
18023,19.73,0
28968,19.72,0
11148,19.7,0
28381,19.66,0
17047,19.64,0
7212,19.61,0
26367,19.61,0
15385,19.6,0
27030,19.59,0
27278,19.58,0
18483,19.53,0
20607,19.52,0
25933,19.5,0
21283,19.5,0
19117,19.5,0
19987,19.49,0
19210,19.41,0
16517,19.35,0
24725,19.3,0
11444,19.23,0
30036,19.16,0
31019,19.15,0
9270,19.11,0
28552,19.09,0
6689,19.05,0
11963,19.05,0
5907,19.04,0
17085,19.02,0
14816,19.02,0
20650,18.98,0
27036,18.96,0
7519,18.93,0
24017,18.92,0
5857,18.92,0
180,18.9,0
19243,18.89,0
28718,18.89,0
14156,18.88,0
10721,18.88,0
25737,18.88,0
33234,18.82,0
9209,18.81,0
17153,18.79,0
23700,18.78,0
25171,18.76,0
6027,18.7,0
8713,18.7,0
23078,18.69,0
24998,18.68,0
32981,18.68,0
23976,18.64,0
16345,18.63,0
7391,18.58,0
7416,18.44,0
29762,18.43,0
23734,18.39,0
6427,18.32,0
16001,18.29,0
4957,18.23,0
19473,18.21,0
19641,18.2,0
5605,18.19,0
29890,18.12,0
32353,18.07,0
28562,18.05,0
31896,17.97,0
7770,17.9,0
31131,17.86,0
18267,17.84,0
32403,17.79,0
8367,17.77,0
2539,17.69,0
11842,17.68,0
1026,17.63,0
19543,17.63,0
32693,17.59,0
5113,17.55,0
3689,17.54,0
2107,17.48,0
1517,17.47,0
6602,17.46,0
394,17.43,0
4899,17.27,0
10809,17.26,0
29703,17.26,0
15849,17.21,0
22639,17.17,0
7793,17.17,0
2682,17.17,0
13539,17.16,0
29652,17.1,0
16614,17.05,0
21023,17.03,0
22342,17.03,0
16245,17.02,0
17958,17.02,0
9098,17.0,0
27425,16.99,0
4917,16.87,0
10834,16.86,0
12674,16.81,0
8038,16.8,0
18983,16.78,0
20286,16.72,0
195,16.63,0
22366,16.54,0
28293,16.54,0
22744,16.52,0
28427,16.48,0
14110,16.33,0
10418,16.32,0
11976,16.3,0
28518,16.3,0
32584,16.27,0
2900,16.25,0
2926,16.25,0
6281,16.22,0
9993,16.18,0
12055,16.17,0
2656,16.15,0
7522,16.14,0
26068,16.08,0
14685,16.06,0
24820,16.04,0
8562,16.02,0
13953,16.02,0
32229,16.02,0
15586,16.01,0
22715,15.97,0
27386,15.95,0
4579,15.94,0
22303,15.88,0
30,15.87,0
3606,15.82,0
32606,15.79,0
14285,15.78,0
32511,15.77,0
21296,15.71,0
20756,15.71,0
2170,15.68,0
1476,15.68,0
18322,15.59,0
1289,15.58,0
17200,15.58,0
4062,15.53,0
26985,15.49,0
15682,15.4,0
5002,15.39,0
18847,15.37,0
11855,15.33,0
28292,15.31,0
21246,15.29,0
24837,15.24,0
30046,15.21,0
22682,15.2,0
11762,15.18,0
2575,15.17,0
23770,15.09,0
3520,15.07,0
17034,15.01,0
4158,15.0,0
5265,14.93,0
18163,14.9,0
21469,14.85,0
26448,14.79,0
19102,14.79,0
24684,14.77,0
26411,14.76,0
24628,14.71,0
31796,14.63,0
3979,14.61,0
26493,14.6,0
11982,14.58,0
12295,14.58,0
14271,14.56,0
3760,14.54,0
30657,14.49,0
17993,14.47,0
20348,14.45,0
2046,14.29,0
4926,14.24,0
23279,14.23,0
19043,14.23,0
20205,14.15,0
11506,14.15,0
26483,14.15,0
18166,14.14,0
15432,14.14,0
13006,14.1,0
20431,14.07,0
7957,14.06,0
18912,14.02,0
9840,14.02,0
15570,14.01,0
14342,13.98,0
9040,13.97,0
2436,13.92,0
634,13.9,0
19139,13.86,0
12029,13.85,0
9706,13.82,0
16104,13.82,0
14916,13.8,0
22152,13.8,0
9514,13.78,0
26309,13.72,0
22507,13.7,0
20079,13.7,0
7148,13.66,0
17205,13.62,0
5650,13.6,0
7784,13.59,0
16309,13.57,0
9700,13.56,0
11155,13.54,0
14249,13.53,0
28350,13.51,0
31238,13.48,0
7903,13.48,0
21152,13.48,0
6590,13.48,0
12059,13.47,0
12374,13.41,0
26576,13.38,0
25995,13.31,0
29304,13.25,0
32783,13.21,0
24376,13.21,0
10050,13.21,0
13030,13.17,0
32650,13.1,0
16158,13.09,0
7636,13.09,0
27456,13.08,0
250,13.08,0
6865,13.04,0
12814,13.01,0
16577,12.99,0
25931,12.97,0
26289,12.94,0
3889,12.91,0
23514,12.89,0
28874,12.88,0
30196,12.87,0
10429,12.87,0
13140,12.83,0
25579,12.8,0
6058,12.8,0
26370,12.79,0
12500,12.78,0
10198,12.78,0
11644,12.77,0
24660,12.75,0
4581,12.72,0
2789,12.71,0
4037,12.7,0
675,12.7,0
28629,12.69,0
22712,12.69,0
464,12.68,0
14412,12.63,0
30546,12.62,0
7942,12.61,0
16210,12.6,0
25890,12.6,0
25679,12.59,0
11667,12.59,0
27184,12.59,0
10640,12.56,0
4004,12.55,0
3635,12.54,0
7346,12.53,0
21845,12.52,0
13722,12.52,0
6793,12.52,0
14904,12.51,0
9335,12.46,0
25726,12.45,0
6154,12.45,0
1304,12.4,0
8849,12.4,0
30951,12.37,0
31266,12.35,0
13114,12.33,0
7813,12.32,0
18287,12.32,0
22737,12.31,0
32521,12.29,0
24362,12.26,0
11642,12.24,0
16941,12.22,0
547,12.21,0
17225,12.2,0
7499,12.19,0
9806,12.19,0
17018,12.19,0
15061,12.17,0
14292,12.14,0
30538,12.14,0
13823,12.12,0
23795,12.09,0
3307,12.09,0
9561,12.07,0
14767,12.06,0
5780,12.06,0
23667,12.04,0
1346,12.03,0
29123,12.03,0
4709,12.01,0
7470,12.01,0
23570,12.0,0
14172,12.0,0
22746,11.97,0
15009,11.97,0
14932,11.97,0
15853,11.97,0
17675,11.96,0
9272,11.91,0
12810,11.89,0
28163,11.87,0
27304,11.86,0
8349,11.84,0
30965,11.83,0
3880,11.82,0
25586,11.81,0
16922,11.81,0
16728,11.79,0
25292,11.78,0
11401,11.77,0
11734,11.74,0
13869,11.73,0
31668,11.71,0
13988,11.69,0
1678,11.68,0
33010,11.68,0
2094,11.67,0
8042,11.65,0
7281,11.64,0
22863,11.64,0
5005,11.63,0
2936,11.57,0
24739,11.54,0
13748,11.49,0
28278,11.49,0
29341,11.49,0
11391,11.47,0
9894,11.47,0
15411,11.43,0
2851,11.42,0
15141,11.41,0
20687,11.39,0
23803,11.39,0
613,11.39,0
4393,11.39,0
19783,11.31,0
23288,11.3,0
6620,11.3,0
33225,11.29,0
31473,11.28,0
30639,11.27,0
423,11.27,0
11327,11.26,0
5296,11.26,0
19032,11.25,0
2018,11.23,0
660,11.21,0
15158,11.2,0
26895,11.18,0
27813,11.13,0
27307,11.13,0
11113,11.12,0
16082,11.1,0
14773,11.08,0
24396,11.08,0
8447,11.06,0
13543,11.04,0
10636,11.02,0
23766,11.01,0
10829,11.0,0
2625,10.99,0
17610,10.98,0
25243,10.95,0
14806,10.94,0
10977,10.94,0
8170,10.93,0
11392,10.92,0
11912,10.92,0
2998,10.92,0
30796,10.89,0
19294,10.88,0
23554,10.86,0
10348,10.85,0
32766,10.81,0
11638,10.8,0
28290,10.78,0
15221,10.76,0
30013,10.76,0
5367,10.71,0
16705,10.71,0
15851,10.71,0
471,10.68,0
19744,10.67,0
30294,10.65,0
16972,10.62,0
21920,10.61,0
14132,10.61,0
16955,10.6,0
20321,10.59,0
4271,10.58,0
5160,10.58,0
12946,10.56,0
32853,10.56,0
28,10.51,0
9083,10.5,0
13047,10.48,0
31245,10.47,0
15564,10.46,0
1206,10.46,0
16713,10.46,0
29781,10.42,0
21899,10.4,0
18400,10.38,0
19058,10.37,0
1276,10.37,0
27521,10.36,0
8122,10.36,0
13397,10.35,0
25866,10.33,0
24845,10.33,0
852,10.31,0
27699,10.31,0
3127,10.3,0
1175,10.3,0
23064,10.3,0
6361,10.3,0
9997,10.3,0
11770,10.29,0
15144,10.27,0
33108,10.27,0
23188,10.24,0
1055,10.21,0
29074,10.2,0
29667,10.16,0
21496,10.15,0
15098,10.15,0
8426,10.13,0
21012,10.12,0
319,10.12,0
32029,10.12,0
1097,10.12,0
5380,10.11,0
9827,10.1,0
28498,10.1,0
31984,10.1,0
6400,10.09,0
24815,10.09,0
21786,10.09,0
9918,10.06,0
770,10.05,0
32113,10.05,0
27854,10.05,0
17703,10.05,0
1647,10.02,0
4063,10.01,0
2120,10.0,0
6225,9.99,0
12413,9.98,0
9766,9.97,0
12008,9.96,0
28680,9.96,0
28251,9.95,0
4806,9.92,0
27124,9.91,0
4082,9.91,0
31613,9.91,0
1123,9.9,0
9564,9.9,0
32553,9.89,0
22099,9.88,0
27389,9.88,0
9740,9.87,0
32996,9.87,0
24683,9.86,0
5624,9.85,0
30103,9.84,0
818,9.83,0
4053,9.83,0
26656,9.82,0
13220,9.82,0
20179,9.8,0
9800,9.79,0
19332,9.78,0
30466,9.77,0
129,9.75,0
24681,9.75,0
9586,9.74,0
7508,9.73,0
6464,9.73,0
288,9.73,0
15095,9.73,0
1864,9.72,0
23024,9.68,0
5346,9.68,0
31284,9.67,0
22814,9.64,0
32141,9.64,0
9021,9.64,0
268,9.64,0
8243,9.64,0
26541,9.63,0
30260,9.61,0
20269,9.61,0
17920,9.6,0
31072,9.59,0
22849,9.59,0
742,9.58,0
23488,9.57,0
5861,9.56,0
27163,9.54,0
8083,9.54,0
21685,9.52,0
31775,9.51,0
5029,9.5,0
15225,9.49,0
28090,9.48,0
24947,9.48,0
27693,9.45,0
6092,9.45,0
976,9.44,0
4889,9.43,0
9501,9.43,0
14281,9.41,0
19816,9.41,0
17295,9.41,0
10843,9.4,0
6452,9.4,0
15578,9.39,0
5576,9.38,0
30023,9.38,0
5934,9.37,0
24670,9.37,0
12990,9.37,0
31826,9.35,0
15094,9.34,0
5800,9.34,0
5083,9.33,0
12151,9.33,0
29414,9.33,0
7720,9.32,0
17342,9.32,0
18063,9.3,0
22139,9.29,0
28799,9.28,0
11541,9.28,0
853,9.27,0
22829,9.27,0
12884,9.26,0
26899,9.26,0
923,9.26,0
8805,9.26,0
28176,9.26,0
12443,9.25,0
15159,9.22,0
9664,9.22,0
28911,9.22,0
26862,9.22,0
26563,9.21,0
25297,9.21,0
31388,9.21,0
15457,9.2,0
545,9.18,0
28584,9.17,0
4114,9.17,0
9184,9.17,0
8982,9.17,0
11956,9.17,0
29658,9.16,0
14529,9.16,0
27390,9.15,0
8578,9.14,0
3879,9.14,0
19202,9.14,0
19726,9.13,0
32374,9.1,0
8514,9.09,0
31098,9.07,0
13269,9.07,0
24260,9.05,0
3647,9.05,0
17669,9.04,0
8411,9.01,0
18338,9.01,0
8596,9.0,0
7873,9.0,0
29223,8.98,0
31555,8.97,0
18940,8.95,0
20045,8.95,0
32698,8.95,0
26195,8.94,0
3,8.94,0
6935,8.94,0
2954,8.93,0
30784,8.93,0
3445,8.93,0
11330,8.92,0
19996,8.91,0
25909,8.91,0
30587,8.91,0
14566,8.89,0
28694,8.89,0
1886,8.89,0
14658,8.89,0
3890,8.88,0
9032,8.88,0
15634,8.87,0
137,8.87,0
10230,8.86,0
5266,8.85,0
1148,8.85,0
5130,8.85,0
31991,8.85,0
9237,8.83,0
30826,8.83,0
29603,8.83,0
15527,8.82,0
16193,8.8,0
25181,8.8,0
8471,8.79,0
29321,8.79,0
7463,8.79,0
12759,8.76,0
17673,8.76,0
11730,8.76,0
30498,8.76,0
19218,8.76,0
20725,8.76,0
16023,8.75,0
26688,8.75,0
30502,8.75,0
20064,8.74,0
19240,8.73,0
32395,8.73,0
26679,8.73,0
26354,8.73,0
27417,8.73,0
1466,8.73,0
1406,8.73,0
10304,8.72,0
16164,8.72,0
22940,8.71,0
1167,8.71,0
13103,8.71,0
20113,8.7,0
16798,8.7,0
30679,8.7,0
5488,8.7,0
15911,8.68,0
25730,8.67,0
14255,8.66,0
30859,8.66,0
146,8.64,0
5109,8.64,0
3848,8.64,0
301,8.62,0
32320,8.62,0
20900,8.62,0
26660,8.61,0
28864,8.61,0
32027,8.61,0
4343,8.61,0
30777,8.61,0
25891,8.61,0
27724,8.61,0
4052,8.61,0
9789,8.61,0
20943,8.61,0
8484,8.61,0
11283,8.61,0
32710,8.61,0
27059,8.61,0
19171,8.61,0
172,8.61,0
15566,8.59,0
22661,8.57,0
16125,8.56,0
17021,8.56,0
3543,8.54,0
31533,8.54,0
30903,8.54,0
16831,8.54,0
27108,8.54,0
19158,8.54,0
32360,8.54,0
14515,8.53,0
13925,8.52,0
16675,8.52,0
3210,8.52,0
32545,8.52,0
30892,8.51,0
10394,8.51,0
16573,8.5,0
8232,8.5,0
3852,8.49,0
19471,8.49,0
6548,8.49,0
14873,8.49,0
8107,8.48,0
19260,8.47,0
31483,8.47,0
20956,8.47,0
3658,8.47,0
1250,8.47,0
19752,8.47,0
3587,8.47,0
21039,8.47,0
15770,8.46,0
18104,8.46,0
18560,8.46,0
19239,8.46,0
11514,8.44,0
16881,8.44,0
3787,8.44,0
8587,8.44,0
30645,8.43,0
10162,8.41,0
19780,8.4,0
30388,8.39,0
16873,8.37,0
6694,8.37,0
31693,8.37,0
4773,8.37,0
7615,8.37,0
9630,8.37,0
14741,8.37,0
1443,8.35,0
2768,8.34,0
15589,8.34,0
5484,8.32,0
3003,8.31,0
4819,8.3,0
8373,8.29,0
12854,8.29,0
3673,8.27,0
15550,8.27,0
25371,8.27,0
4364,8.26,0
3312,8.26,0
4934,8.26,0
32956,8.26,0
344,8.26,0
12215,8.25,0
16690,8.24,0
29969,8.24,0
17526,8.23,0
21189,8.21,0
11728,8.21,0
5932,8.2,0
27771,8.2,0
24251,8.2,0
6444,8.2,0
25855,8.19,0
22320,8.18,0
21057,8.17,0
27610,8.16,0
31615,8.15,0
7535,8.15,0
3486,8.14,0
1274,8.14,0
7424,8.14,0
9268,8.14,0
29159,8.12,0
30846,8.1,0
18108,8.1,0
16689,8.08,0
26433,8.07,0
31333,8.06,0
4066,8.06,0
26681,8.04,0
13037,8.04,0
23968,8.04,0
9858,8.02,0
4745,8.02,0
1317,8.02,0
14491,8.02,0
31687,7.98,0
32126,7.98,0
18285,7.98,0
25918,7.98,0
19350,7.98,0
31485,7.97,0
6834,7.97,0
3580,7.96,0
3264,7.96,0
515,7.96,0
11929,7.96,0
26856,7.95,0
22338,7.95,0
23210,7.95,0
22310,7.95,0
1216,7.95,0
15483,7.91,0
19494,7.91,0
3291,7.88,0
3027,7.88,0
31410,7.88,0
3862,7.88,0
13142,7.88,0
667,7.88,0
20663,7.87,0
27437,7.87,0
20453,7.87,0
10324,7.86,0
24295,7.86,0
12829,7.85,0
19508,7.85,0
11888,7.85,0
8401,7.84,0
6048,7.84,0
15829,7.82,0
14581,7.82,0
2580,7.81,0
26963,7.81,0
24612,7.8,0
234,7.8,0
19336,7.77,0
25629,7.76,0
32152,7.76,0
20437,7.75,0
25255,7.74,0
29283,7.74,0
6610,7.73,0
13197,7.72,0
8524,7.72,0
29695,7.72,0
11707,7.72,0
7443,7.72,0
18903,7.72,0
24781,7.71,0
437,7.7,0
21728,7.69,0
4601,7.69,0
13603,7.69,0
29171,7.67,0
10217,7.67,0
19966,7.66,0
23969,7.66,0
19946,7.66,0
14200,7.66,0
31465,7.66,0
27949,7.64,0
20235,7.64,0
25608,7.63,0
3214,7.63,0
27155,7.63,0
23189,7.62,0
20918,7.62,0
23084,7.61,0
3619,7.61,0
21257,7.6,0
691,7.6,0
24570,7.6,0
19644,7.6,0
8837,7.59,0
6314,7.59,0
25697,7.58,0
20758,7.58,0
952,7.56,0
23172,7.56,0
25062,7.56,0
14698,7.56,0
27220,7.55,0
30907,7.55,0
23233,7.55,0
11907,7.55,0
22858,7.55,0
21636,7.55,0
678,7.55,0
15974,7.54,0
16816,7.53,0
25862,7.51,0
13259,7.51,0
830,7.51,0
22143,7.51,0
28671,7.51,0
24268,7.51,0
27787,7.5,0
576,7.5,0
33251,7.49,0
17117,7.49,0
13470,7.49,0
28776,7.49,0
25639,7.49,0
25106,7.48,0
18737,7.46,0
21833,7.46,0
27543,7.46,0
23515,7.46,0
18232,7.45,0
31378,7.44,0
32021,7.44,0
31585,7.44,0
15266,7.43,0
13232,7.42,0
24372,7.42,0
30399,7.41,0
31129,7.41,0
2582,7.4,0
1604,7.4,0
10726,7.39,0
24625,7.38,0
9649,7.37,0
18138,7.35,0
14062,7.34,0
30475,7.34,0
11481,7.34,0
28220,7.33,0
31594,7.32,0
23647,7.31,0
27281,7.3,0
32243,7.3,0
8539,7.3,0
5514,7.3,0
2196,7.3,0
1937,7.3,0
828,7.3,0
25341,7.29,0
21976,7.29,0
17659,7.29,0
16449,7.28,0
3559,7.28,0
2010,7.28,0
15150,7.28,0
23426,7.28,0
2441,7.28,0
21726,7.28,0
80,7.27,0
25958,7.27,0
10737,7.27,0
22168,7.26,0
29176,7.25,0
5126,7.24,0
28620,7.24,0
12831,7.24,0
20833,7.24,0
12288,7.23,0
14621,7.23,0
3218,7.22,0
10021,7.21,0
6398,7.21,0
6179,7.2,0
33236,7.19,0
21210,7.19,0
10049,7.19,0
21318,7.17,0
4234,7.17,0
17194,7.16,0
24245,7.15,0
915,7.14,0
14077,7.14,0
20977,7.14,0
28302,7.13,0
1679,7.13,0
27199,7.13,0
3617,7.12,0
32022,7.11,0
20150,7.11,0
6963,7.11,0
2222,7.11,0
139,7.1,0
734,7.1,0
30532,7.1,0
33300,7.1,0
11273,7.1,0
30061,7.09,0
15978,7.08,0
3377,7.07,0
10287,7.07,0
24642,7.07,0
1392,7.06,0
20514,7.06,0
27385,7.06,0
6294,7.04,0
13175,7.04,0
24170,7.01,0
8491,7.01,0
8049,6.99,0
8903,6.98,0
11473,6.97,0
2852,6.96,0
14264,6.96,0
1249,6.96,0
2744,6.96,0
18825,6.96,0
25241,6.96,0
14052,6.95,0
21015,6.94,0
13170,6.94,0
13836,6.92,0
5509,6.91,0
17898,6.91,0
12676,6.88,0
25465,6.87,0
407,6.87,0
28733,6.86,0
29537,6.86,0
26417,6.86,0
22525,6.86,0
20154,6.86,0
30719,6.85,0
3275,6.84,0
14014,6.84,0
31349,6.84,0
28735,6.84,0
11144,6.81,0
32259,6.79,0
17074,6.78,0
25644,6.78,0
113,6.77,0
8377,6.77,0
22641,6.77,0
1968,6.77,0
15726,6.77,0
22037,6.77,0
16574,6.76,0
13089,6.76,0
16328,6.75,0
23885,6.75,0
5943,6.74,0
7563,6.74,0
18963,6.74,0
322,6.73,0
2535,6.73,0
5150,6.72,0
26209,6.71,0
27933,6.71,0
15253,6.71,0
31141,6.69,0
21648,6.69,0
12136,6.69,0
33080,6.69,0
16014,6.69,0
7877,6.68,0
5685,6.68,0
29339,6.67,0
5709,6.65,0
33052,6.65,0
8358,6.64,0
25713,6.63,0
10171,6.63,0
28172,6.62,0
15521,6.62,0
8701,6.62,0
27773,6.62,0
9548,6.62,0
24495,6.62,0
17249,6.62,0
24246,6.62,0
24544,6.62,0
4166,6.62,0
25263,6.6,0
6823,6.6,0
30373,6.6,0
29300,6.58,0
27463,6.58,0
5298,6.57,0
13498,6.57,0
28610,6.57,0
8304,6.56,0
31643,6.55,0
875,6.55,0
14620,6.55,0
2583,6.55,0
5817,6.55,0
7376,6.52,0
25993,6.5,0
17944,6.49,0
33177,6.49,0
10548,6.49,0
21548,6.49,0
2063,6.48,0
12002,6.48,0
16658,6.47,0
16331,6.47,0
115,6.47,0
8043,6.47,0
14684,6.47,0
25544,6.47,0
16135,6.47,0
2491,6.47,0
20178,6.46,0
21822,6.44,0
12437,6.43,0
22753,6.41,0
30974,6.41,0
14041,6.41,0
20142,6.4,0
18569,6.38,0
11339,6.37,0
27512,6.36,0
6335,6.35,0
30913,6.32,0
14539,6.32,0
28937,6.32,0
1776,6.32,0
185,6.31,0
22214,6.28,0
9291,6.28,0
2599,6.28,0
26651,6.27,0
25173,6.27,0
31762,6.25,0
32453,6.23,0
2340,6.23,0
4879,6.22,0
22501,6.2,0
9234,6.18,0
412,6.18,0
9149,6.18,0
6560,6.17,0
11212,6.15,0
30921,6.14,0
25300,6.12,0
22982,6.11,0
10663,6.09,0
28319,6.08,0
15910,6.08,0
32369,6.08,0
31959,6.06,0
12756,6.06,0
25696,6.04,0
4532,6.03,0
19556,6.02,0
15763,6.02,0
7387,6.02,0
26151,6.02,0
30739,6.0,0
7881,6.0,0
23235,5.99,0
12340,5.97,0
21673,5.96,0
15441,5.95,0
29259,5.92,0
28084,5.91,0
7805,5.91,0
4955,5.9,0
13485,5.9,0
18264,5.89,0
30158,5.88,0
16660,5.88,0
1633,5.88,0
2736,5.88,0
6583,5.87,0
560,5.87,0
3562,5.85,0
9106,5.84,0
2209,5.84,0
16216,5.82,0
28845,5.82,0
18128,5.8,0
28365,5.8,0
5482,5.79,0
3885,5.79,0
8031,5.77,0
26440,5.77,0
12809,5.75,0
16203,5.73,0
610,5.71,0
10560,5.7,0
25906,5.69,0
17424,5.69,0
31981,5.67,0
22870,5.66,0
24340,5.65,0
18668,5.65,0
18822,5.65,0
18261,5.63,0
27834,5.63,0
11646,5.63,0
20571,5.62,0
2296,5.6,0
33353,5.6,0
7973,5.6,0
5841,5.59,0
18306,5.57,0
29908,5.57,0
20909,5.55,0
31441,5.52,0
5194,5.5,0
21871,5.5,0
22964,5.48,0
14867,5.48,0
29541,5.47,0
14821,5.43,0
14687,5.43,0
5403,5.43,0
18648,5.43,0
13962,5.42,0
25072,5.42,0
16419,5.41,0
25329,5.4,0
6465,5.36,0
18979,5.36,0
30930,5.35,0
12407,5.34,0
1135,5.33,0
7207,5.32,0
27606,5.3,0
31565,5.28,0
28377,5.24,0
31186,5.24,0
13883,5.2,0
27102,5.2,0
32857,5.17,0
3624,5.17,0
15027,5.17,0
8335,5.14,0
28630,5.1,0
28259,5.04,0
8818,5.04,0
24582,5.0,0
32745,4.96,0
4274,4.95,0
26996,4.94,0
10598,4.91,0
6889,4.9,0
2934,4.89,0
19678,4.89,0
20887,4.86,0
33112,4.85,0
7539,4.81,0
16525,4.79,0
23116,4.78,0
28349,4.78,0
31464,4.74,0
27164,4.72,0
29502,4.71,0
17854,4.68,0
27614,4.68,0
31629,4.63,0
29417,4.61,0
25100,4.6,0
12581,4.58,0
14534,4.54,0
33062,4.5,0
7300,4.49,0
30632,4.48,0
15629,4.43,0
26859,4.37,0
9345,4.35,0
25635,4.28,0
5320,4.22,0
23133,4.2,0
17066,4.13,0
16058,4.09,0
7032,4.08,0
2937,3.97,0
22200,3.89,0
5956,3.89,0
25886,3.88,0
10873,3.8,0
19653,3.8,0
3180,3.74,0
12835,3.63,0
19625,3.52,0
9207,3.38,0
5377,3.26,0
16395,2.89,0
19499,2.88,0
9772,2.7,0
21511,2.7,0
4184,2.51,0
17932,1.96,0
